tau_max,rho_max,seed,orig_regime,orig_lpay,orig_fpay,orig_rho,orig_d,orig_tau,probe_regime,probe_lpay,probe_fpay,probe_rho,probe_d,delta_L,delta_F,regime_flipped
0.1,0.0,42,Deterrence,31.889,18.18,0.0,0.0927,0.0831,Deterrence,32.314,18.197,0.0,0.0928,0.425,0.018,0
0.1,0.0,123,Deterrence,31.724,19.935,0.0,0.1018,0.0826,Deterrence,31.637,19.346,0.0,0.0987,-0.086,-0.589,0
0.1,0.0,777,Deterrence,33.024,18.037,0.0,0.092,0.0866,Deterrence,34.028,17.788,0.0,0.0907,1.004,-0.249,0
0.1,0.0,999,Deterrence,31.72,19.245,0.0,0.0982,0.0825,Deterrence,33.111,19.008,0.0,0.097,1.391,-0.237,0
0.1,0.0,2024,Deterrence,33.2,16.151,0.0,0.0824,0.0872,Deterrence,33.375,16.617,0.0,0.0847,0.175,0.467,0
0.1,0.0714,42,Deterrence,19.844,17.796,0.0359,0.0867,0.0936,Deterrence,20.315,17.907,0.0352,0.0874,0.472,0.111,0
0.1,0.0714,123,Deterrence,18.008,18.512,0.0353,0.0906,0.0869,Deterrence,18.873,18.237,0.0344,0.0893,0.865,-0.275,0
0.1,0.0714,777,Deterrence,17.868,16.369,0.0358,0.0797,0.0871,Deterrence,19.942,17.825,0.0355,0.0869,2.074,1.456,0
0.1,0.0714,999,Deterrence,16.916,20.24,0.037,0.0996,0.0857,Deterrence,18.266,17.754,0.0372,0.0865,1.35,-2.486,0
0.1,0.0714,2024,Deterrence,18.921,18.72,0.0355,0.0917,0.09,Deterrence,18.782,18.873,0.0362,0.0923,-0.139,0.153,0
0.1,0.1429,42,Transition,3.936,19.091,0.0735,0.0899,0.0891,Transition,5.979,18.365,0.0717,0.0859,2.042,-0.726,0
0.1,0.1429,123,Transition,2.76,19.163,0.0713,0.0909,0.0826,Transition,3.92,16.378,0.0726,0.0761,1.159,-2.785,0
0.1,0.1429,777,Transition,1.72,15.769,0.0749,0.0731,0.0842,Transition,7.95,18.483,0.0717,0.086,6.23,2.714,0
0.1,0.1429,999,Transition,5.672,19.111,0.0701,0.0901,0.0903,Transition,5.403,18.743,0.0703,0.0882,-0.27,-0.368,0
0.1,0.1429,2024,Transition,3.467,16.592,0.0715,0.0776,0.0851,Transition,4.787,17.224,0.0706,0.0806,1.321,0.632,0
0.1,0.2143,42,Transition,-8.576,19.471,0.1064,0.0892,0.086,Transition,-8.272,19.8,0.1068,0.0907,0.304,0.329,0
0.1,0.2143,123,Transition,-9.354,19.703,0.1086,0.0903,0.0861,Transition,-9.281,19.785,0.1108,0.0902,0.073,0.082,0
0.1,0.2143,777,Transition,-8.002,19.501,0.1056,0.0893,0.0868,Transition,-6.683,19.403,0.1052,0.0884,1.318,-0.098,0
0.1,0.2143,999,Transition,-10.219,20.431,0.1108,0.0938,0.0857,Transition,-7.415,19.675,0.1076,0.0895,2.804,-0.756,0
0.1,0.2143,2024,Transition,-8.929,18.511,0.1073,0.0843,0.0861,Transition,-6.541,19.855,0.1044,0.0909,2.388,1.344,0
0.1,0.2857,42,Escalation,-19.115,19.657,0.1417,0.0871,0.0886,Escalation,-18.817,19.916,0.1427,0.088,0.298,0.259,0
0.1,0.2857,123,Escalation,-19.109,20.643,0.1426,0.0918,0.0898,Escalation,-17.744,20.989,0.1416,0.0932,1.365,0.346,0
0.1,0.2857,777,Escalation,-18.894,19.419,0.1429,0.0854,0.0905,Escalation,-23.858,21.275,0.1477,0.0962,-4.964,1.855,0
0.1,0.2857,999,Escalation,-21.672,19.223,0.1437,0.0855,0.0823,Escalation,-19.327,19.401,0.1438,0.0853,2.345,0.178,0
0.1,0.2857,2024,Escalation,-19.644,19.224,0.1427,0.0848,0.0878,Escalation,-19.885,20.44,0.1483,0.0899,-0.24,1.216,0
0.1,0.3571,42,Escalation,-32.984,21.638,0.183,0.095,0.0841,Escalation,-31.141,20.766,0.1815,0.0898,1.843,-0.872,0
0.1,0.3571,123,Escalation,-29.252,20.618,0.1711,0.0906,0.0833,Escalation,-30.106,20.892,0.1793,0.0904,-0.854,0.274,0
0.1,0.3571,777,Escalation,-31.168,20.326,0.1756,0.0891,0.082,Escalation,-30.372,20.172,0.1781,0.0872,0.796,-0.155,0
0.1,0.3571,999,Escalation,-31.675,20.809,0.1805,0.0905,0.0862,Escalation,-29.245,21.163,0.1772,0.0919,2.429,0.354,0
0.1,0.3571,2024,Escalation,-29.85,19.973,0.1763,0.0864,0.0867,Escalation,-29.322,20.427,0.1775,0.088,0.528,0.454,0
0.1,0.4286,42,Escalation,-43.547,20.051,0.2198,0.0848,0.0822,Escalation,-41.184,20.312,0.2175,0.0852,2.363,0.261,0
0.1,0.4286,123,Escalation,-41.862,20.042,0.214,0.0851,0.0823,Escalation,-42.334,19.007,0.2155,0.0799,-0.471,-1.035,0
0.1,0.4286,777,Escalation,-41.11,21.144,0.2155,0.0898,0.0863,Escalation,-39.86,21.284,0.2168,0.0893,1.251,0.14,0
0.1,0.4286,999,Escalation,-41.129,22.103,0.2137,0.0952,0.0848,Escalation,-38.731,20.148,0.2159,0.083,2.399,-1.955,0
0.1,0.4286,2024,Escalation,-39.643,21.137,0.2171,0.0885,0.0918,Escalation,-39.555,21.144,0.2176,0.0883,0.088,0.007,0
0.1,0.5,42,Escalation,-49.69,21.408,0.2508,0.0889,0.0864,Escalation,-54.536,22.16,0.261,0.0937,-4.846,0.752,0
0.1,0.5,123,Escalation,-49.948,22.088,0.2395,0.0957,0.0753,Escalation,-48.942,21.445,0.2476,0.0893,1.007,-0.643,0
0.1,0.5,777,Escalation,-50.984,20.401,0.2564,0.0831,0.0879,Escalation,-50.053,20.686,0.2546,0.0841,0.931,0.285,0
0.1,0.5,999,Escalation,-51.866,22.171,0.2551,0.0932,0.084,Escalation,-52.202,21.762,0.2596,0.0899,-0.336,-0.409,0
0.1,0.5,2024,Escalation,-56.208,19.055,0.2598,0.0793,0.0747,Escalation,-53.166,20.239,0.2586,0.0835,3.041,1.183,0
0.15,0.0,42,Deterrence,47.973,31.872,0.0,0.1635,0.1389,Deterrence,48.307,22.093,0.0,0.1129,0.334,-9.779,0
0.15,0.0,123,Deterrence,44.17,21.462,0.0,0.1098,0.124,Deterrence,45.622,17.723,0.0,0.0904,1.452,-3.739,0
0.15,0.0,777,Deterrence,46.147,20.718,0.0,0.1058,0.1318,Deterrence,46.426,18.592,0.0,0.0949,0.279,-2.126,0
0.15,0.0,999,Deterrence,46.109,19.445,0.0,0.0992,0.1316,Deterrence,46.383,18.519,0.0,0.0944,0.274,-0.926,0
0.15,0.0,2024,Deterrence,45.414,20.876,0.0,0.1066,0.129,Deterrence,45.152,18.561,0.0,0.0947,-0.263,-2.315,0
0.15,0.0714,42,Deterrence,32.553,18.267,0.0362,0.0871,0.1391,Deterrence,33.046,18.744,0.0365,0.0894,0.493,0.476,0
0.15,0.0714,123,Deterrence,32.092,17.612,0.0367,0.0837,0.1381,Deterrence,32.739,17.317,0.0357,0.0823,0.647,-0.295,0
0.15,0.0714,777,Deterrence,31.962,20.463,0.0359,0.0985,0.1363,Deterrence,32.558,19.58,0.037,0.0936,0.596,-0.883,0
0.15,0.0714,999,Deterrence,32.582,18.596,0.0358,0.0888,0.1386,Deterrence,32.225,18.891,0.0372,0.0901,-0.357,0.295,0
0.15,0.0714,2024,Deterrence,32.824,17.48,0.0364,0.0829,0.1406,Deterrence,33.868,17.636,0.0355,0.0838,1.045,0.156,0
0.15,0.1429,42,Deterrence,18.898,19.188,0.0714,0.0864,0.1387,Deterrence,18.666,19.092,0.0724,0.0857,-0.232,-0.096,0
0.15,0.1429,123,Deterrence,17.488,18.747,0.0728,0.0843,0.1353,Deterrence,17.585,18.465,0.073,0.0828,0.097,-0.282,0
0.15,0.1429,777,Deterrence,18.878,18.877,0.0727,0.0845,0.1408,Deterrence,19.308,19.239,0.073,0.0861,0.43,0.362,0
0.15,0.1429,999,Deterrence,17.232,18.195,0.0714,0.0819,0.1323,Deterrence,18.434,19.908,0.0716,0.0902,1.202,1.713,0
0.15,0.1429,2024,Deterrence,18.201,19.571,0.0723,0.0884,0.1375,Deterrence,17.869,19.773,0.0732,0.0893,-0.332,0.202,0
0.15,0.2143,42,Transition,4.11,21.657,0.108,0.0948,0.1313,Transition,6.555,20.301,0.1055,0.0874,2.445,-1.356,0
0.15,0.2143,123,Transition,4.609,19.867,0.1071,0.0857,0.1319,Transition,5.375,20.232,0.1064,0.0874,0.766,0.366,0
0.15,0.2143,777,Transition,-0.525,21.757,0.1171,0.0951,0.1262,Transition,3.985,21.61,0.1092,0.0944,4.51,-0.146,0
0.15,0.2143,999,Transition,-1.094,22.388,0.1178,0.0984,0.1249,Transition,6.244,20.534,0.1069,0.0884,7.337,-1.854,0
0.15,0.2143,2024,Transition,4.001,20.225,0.1099,0.087,0.1336,Transition,5.423,21.017,0.1097,0.0904,1.422,0.792,0
0.15,0.2857,42,Transition,-10.604,23.048,0.1514,0.0974,0.1285,Transition,-7.625,21.918,0.1463,0.0914,2.979,-1.13,0
0.15,0.2857,123,Transition,-7.225,21.701,0.1457,0.0901,0.1346,Transition,-7.418,21.782,0.1474,0.09,-0.193,0.08,0
0.15,0.2857,777,Transition,-11.077,21.523,0.1582,0.0873,0.1365,Transition,-6.725,21.086,0.1485,0.0856,4.352,-0.437,0
0.15,0.2857,999,Transition,-6.61,22.094,0.1461,0.0916,0.1377,Transition,-6.065,21.917,0.1479,0.0896,0.544,-0.177,0
0.15,0.2857,2024,Transition,-7.476,21.602,0.1384,0.0922,0.123,Transition,-7.693,20.595,0.1478,0.0839,-0.217,-1.007,0
0.15,0.3571,42,Escalation,-20.651,22.424,0.1879,0.0894,0.1322,Escalation,-19.04,22.556,0.1838,0.0906,1.611,0.132,0
0.15,0.3571,123,Escalation,-15.423,22.537,0.1722,0.0919,0.1316,Escalation,-16.411,21.639,0.1795,0.0855,-0.988,-0.898,0
0.15,0.3571,777,Escalation,-17.335,22.34,0.182,0.0888,0.1368,Escalation,-17.487,22.794,0.1842,0.0906,-0.152,0.454,0
0.15,0.3571,999,Escalation,-19.072,21.774,0.1836,0.0866,0.1325,Escalation,-18.686,21.805,0.1842,0.0861,0.386,0.031,0
0.15,0.3571,2024,Escalation,-18.455,22.598,0.1839,0.0902,0.1352,Escalation,-18.204,22.478,0.1847,0.0892,0.251,-0.12,0
0.15,0.4286,42,Escalation,-31.099,23.301,0.226,0.0908,0.1301,Escalation,-28.42,23.299,0.2201,0.0905,2.679,-0.002,0
0.15,0.4286,123,Escalation,-26.798,22.185,0.2154,0.0849,0.1349,Escalation,-25.532,22.234,0.2129,0.0852,1.266,0.049,0
0.15,0.4286,777,Escalation,-33.974,25.245,0.2249,0.1035,0.1181,Escalation,-28.47,23.197,0.2176,0.0904,5.504,-2.048,0
0.15,0.4286,999,Escalation,-28.694,22.911,0.2155,0.0901,0.1279,Escalation,-26.829,22.277,0.2154,0.0852,1.864,-0.634,0
0.15,0.4286,2024,Escalation,-31.219,22.255,0.2229,0.0862,0.1271,Escalation,-27.446,22.636,0.2166,0.0868,3.773,0.381,0
0.15,0.5,42,Escalation,-36.295,22.721,0.2522,0.0842,0.1342,Escalation,-33.874,22.366,0.2462,0.0823,2.421,-0.355,0
0.15,0.5,123,Escalation,-40.284,22.324,0.2544,0.0849,0.1219,Escalation,-38.115,22.932,0.2526,0.0871,2.169,0.608,0
0.15,0.5,777,Escalation,-37.626,23.683,0.2531,0.0899,0.131,Escalation,-37.109,22.69,0.2558,0.0837,0.517,-0.993,0
0.15,0.5,999,Escalation,-39.769,23.198,0.2592,0.0872,0.1293,Escalation,-37.278,22.942,0.2547,0.0854,2.492,-0.256,0
0.15,0.5,2024,Escalation,-37.491,23.795,0.2547,0.0903,0.1315,Escalation,-36.948,24.309,0.2525,0.0926,0.543,0.513,0
0.2,0.0,42,Deterrence,61.166,30.481,0.0,0.1564,0.198,Deterrence,61.512,31.492,0.0,0.1614,0.346,1.011,0
0.2,0.0,123,Deterrence,61.159,26.325,0.0,0.1347,0.198,Deterrence,61.512,28.321,0.0,0.1448,0.353,1.996,0
0.2,0.0,777,Deterrence,61.159,33.271,0.0,0.1709,0.198,Deterrence,61.512,32.674,0.0,0.1677,0.352,-0.598,0
0.2,0.0,999,Deterrence,61.156,32.038,0.0,0.1644,0.198,Deterrence,61.512,27.186,0.0,0.1391,0.356,-4.852,0
0.2,0.0,2024,Deterrence,61.165,31.961,0.0,0.1641,0.198,Deterrence,61.512,28.9,0.0,0.148,0.347,-3.061,0
0.2,0.0714,42,Deterrence,43.7,20.25,0.0381,0.0945,0.1919,Deterrence,44.094,20.274,0.0382,0.0945,0.394,0.024,0
0.2,0.0714,123,Deterrence,43.691,19.857,0.0376,0.0927,0.1905,Deterrence,44.882,20.569,0.0365,0.0964,1.19,0.712,0
0.2,0.0714,777,Deterrence,44.98,19.957,0.0353,0.0937,0.1921,Deterrence,44.24,18.716,0.0371,0.0868,-0.74,-1.241,0
0.2,0.0714,999,Deterrence,43.525,21.118,0.037,0.0994,0.1885,Deterrence,43.68,21.222,0.0372,0.0998,0.155,0.104,0
0.2,0.0714,2024,Deterrence,43.322,20.518,0.0382,0.096,0.19,Deterrence,43.583,20.486,0.0371,0.0961,0.261,-0.032,0
0.2,0.1429,42,Deterrence,28.612,20.514,0.0738,0.0889,0.1849,Deterrence,28.14,20.787,0.0753,0.09,-0.472,0.273,0
0.2,0.1429,123,Deterrence,28.536,20.903,0.0744,0.0908,0.1859,Deterrence,28.662,20.84,0.0742,0.0904,0.126,-0.062,0
0.2,0.1429,777,Deterrence,28.413,20.873,0.0748,0.0905,0.1859,Deterrence,27.58,21.331,0.0753,0.093,-0.832,0.458,0
0.2,0.1429,999,Deterrence,29.663,19.947,0.0722,0.0862,0.1871,Deterrence,28.577,21.274,0.0748,0.0925,-1.086,1.327,0
0.2,0.1429,2024,Deterrence,27.791,19.357,0.0769,0.0823,0.1868,Deterrence,27.944,19.444,0.0775,0.0825,0.153,0.087,0
0.2,0.2143,42,Transition,14.242,23.675,0.1119,0.0987,0.1807,Deterrence,15.281,22.747,0.1111,0.0936,1.039,-0.928,1
0.2,0.2143,123,Deterrence,15.102,21.29,0.1121,0.086,0.1845,Transition,14.989,21.098,0.1126,0.0848,-0.112,-0.192,1
0.2,0.2143,777,Transition,14.756,21.842,0.1125,0.0888,0.1836,Deterrence,15.2,21.445,0.1113,0.0869,0.444,-0.398,1
0.2,0.2143,999,Deterrence,15.409,21.842,0.1114,0.0889,0.1845,Deterrence,15.232,21.597,0.1121,0.0874,-0.177,-0.245,0
0.2,0.2143,2024,Deterrence,15.71,21.734,0.1097,0.0887,0.1835,Deterrence,15.261,22.255,0.1105,0.0913,-0.449,0.521,0
0.2,0.2857,42,Transition,3.711,22.391,0.1473,0.0857,0.1843,Transition,-1.298,24.612,0.1605,0.0954,-5.009,2.222,0
0.2,0.2857,123,Transition,-1.924,19.717,0.1546,0.0737,0.1681,Transition,2.235,22.05,0.1511,0.0835,4.159,2.334,0
0.2,0.2857,777,Transition,1.603,22.834,0.1515,0.088,0.1801,Transition,4.254,23.025,0.1494,0.0877,2.651,0.191,0
0.2,0.2857,999,Transition,4.159,21.997,0.1454,0.0843,0.1826,Transition,4.34,21.637,0.1461,0.082,0.18,-0.36,0
0.2,0.2857,2024,Transition,-2.742,21.586,0.1544,0.0837,0.1648,Transition,1.044,21.674,0.1533,0.0817,3.786,0.088,0
0.2,0.3571,42,Transition,-10.422,21.817,0.189,0.0781,0.1754,Transition,-8.205,22.192,0.1844,0.0801,2.217,0.375,0
0.2,0.3571,123,Transition,-6.534,25.153,0.1797,0.0956,0.1803,Transition,-7.647,24.241,0.1845,0.0898,-1.112,-0.913,0
0.2,0.3571,777,Transition,-5.401,24.704,0.1817,0.0914,0.1886,Transition,-7.763,24.972,0.1887,0.0915,-2.363,0.268,0
0.2,0.3571,999,Transition,-9.068,24.397,0.1852,0.0923,0.1744,Transition,-7.107,23.95,0.1843,0.0879,1.961,-0.446,0
0.2,0.3571,2024,Transition,-9.477,22.809,0.1886,0.0827,0.1788,Transition,-8.997,22.415,0.1889,0.08,0.481,-0.394,0
0.2,0.4286,42,Escalation,-16.576,24.421,0.2168,0.0865,0.1808,Escalation,-17.581,24.507,0.2218,0.0855,-1.005,0.086,0
0.2,0.4286,123,Escalation,-17.873,24.526,0.2198,0.0868,0.1794,Escalation,-18.06,24.291,0.2211,0.0853,-0.187,-0.235,0
0.2,0.4286,777,Escalation,-17.778,25.65,0.2225,0.0915,0.1834,Escalation,-17.997,25.592,0.2237,0.0908,-0.218,-0.058,0
0.2,0.4286,999,Escalation,-22.801,21.961,0.231,0.0746,0.17,Escalation,-20.366,25.334,0.2286,0.0897,2.435,3.373,0
0.2,0.4286,2024,Escalation,-22.433,24.171,0.2303,0.0851,0.173,Escalation,-20.172,24.165,0.2254,0.0852,2.261,-0.007,0
0.2,0.5,42,Escalation,-29.37,24.487,0.2629,0.082,0.1763,Escalation,-27.734,25.262,0.2599,0.0852,1.635,0.774,0
0.2,0.5,123,Escalation,-25.269,24.887,0.25,0.0848,0.1793,Escalation,-26.05,25.868,0.2577,0.0876,-0.781,0.982,0
0.2,0.5,777,Escalation,-28.291,26.314,0.259,0.0915,0.1773,Escalation,-26.426,25.474,0.2539,0.0873,1.865,-0.839,0
0.2,0.5,999,Escalation,-28.864,26.982,0.2574,0.0965,0.1714,Escalation,-26.545,26.93,0.258,0.0933,2.318,-0.052,0
0.2,0.5,2024,Escalation,-27.325,27.261,0.2452,0.1017,0.1625,Escalation,-27.367,27.076,0.2567,0.0955,-0.042,-0.185,0
0.25,0.0,42,Deterrence,69.667,28.839,0.0,0.1477,0.2473,Deterrence,70.008,27.08,0.0,0.1386,0.341,-1.759,0
0.25,0.0,123,Deterrence,69.655,29.762,0.0,0.1526,0.2472,Deterrence,70.008,31.248,0.0,0.1601,0.353,1.486,0
0.25,0.0,777,Deterrence,69.653,33.266,0.0,0.1709,0.2472,Deterrence,70.008,34.489,0.0,0.1772,0.355,1.223,0
0.25,0.0,999,Deterrence,69.659,31.463,0.0,0.1615,0.2472,Deterrence,70.008,28.044,0.0,0.1435,0.349,-3.42,0
0.25,0.0,2024,Deterrence,69.662,32.528,0.0,0.167,0.2473,Deterrence,70.008,28.096,0.0,0.1437,0.346,-4.431,0
0.25,0.0714,42,Deterrence,52.994,20.355,0.0364,0.0933,0.2396,Deterrence,53.377,20.048,0.0362,0.0917,0.383,-0.307,0
0.25,0.0714,123,Deterrence,53.803,18.892,0.0364,0.0855,0.2452,Deterrence,54.636,19.163,0.036,0.0868,0.834,0.271,0
0.25,0.0714,777,Deterrence,52.261,20.431,0.038,0.0933,0.2389,Deterrence,51.944,20.553,0.0389,0.0938,-0.317,0.122,0
0.25,0.0714,999,Deterrence,53.185,19.354,0.0373,0.0878,0.2434,Deterrence,52.3,19.763,0.039,0.0894,-0.885,0.41,0
0.25,0.0714,2024,Deterrence,50.138,21.116,0.0399,0.0967,0.2302,Deterrence,51.374,20.352,0.0371,0.0934,1.236,-0.764,0
0.25,0.1429,42,Deterrence,38.895,22.47,0.0728,0.0946,0.2392,Deterrence,39.626,22.588,0.0713,0.0956,0.731,0.118,0
0.25,0.1429,123,Deterrence,37.511,22.451,0.0742,0.0946,0.2337,Deterrence,37.425,22.869,0.0737,0.097,-0.086,0.418,0
0.25,0.1429,777,Deterrence,38.589,21.103,0.0733,0.0875,0.2387,Deterrence,37.888,21.477,0.0751,0.089,-0.701,0.375,0
0.25,0.1429,999,Deterrence,37.659,21.642,0.0739,0.0905,0.2341,Deterrence,37.642,21.704,0.0752,0.0901,-0.016,0.062,0
0.25,0.1429,2024,Deterrence,35.968,21.391,0.0781,0.0883,0.2339,Deterrence,38.236,20.566,0.0754,0.0839,2.268,-0.824,0
0.25,0.2143,42,Deterrence,24.736,22.754,0.1111,0.0875,0.2346,Deterrence,24.92,22.343,0.1122,0.0846,0.184,-0.411,0
0.25,0.2143,123,Deterrence,23.377,22.697,0.1144,0.0867,0.2337,Deterrence,21.024,22.629,0.1208,0.0848,-2.352,-0.068,0
0.25,0.2143,777,Deterrence,23.715,22.359,0.1118,0.0858,0.2305,Deterrence,25.323,23.255,0.1083,0.0909,1.609,0.896,0
0.25,0.2143,999,Deterrence,22.798,23.045,0.1144,0.0888,0.2301,Deterrence,22.603,22.933,0.1163,0.0874,-0.196,-0.111,0
0.25,0.2143,2024,Deterrence,24.115,22.882,0.1103,0.0889,0.2291,Deterrence,24.689,22.53,0.1089,0.0872,0.574,-0.352,0
0.25,0.2857,42,Transition,13.087,25.436,0.1474,0.0932,0.2359,Transition,13.368,25.182,0.1459,0.0924,0.281,-0.254,0
0.25,0.2857,123,Transition,5.925,21.492,0.1607,0.0737,0.2169,Transition,11.402,22.741,0.1531,0.0782,5.476,1.25,0
0.25,0.2857,777,Transition,14.014,23.515,0.1449,0.084,0.2352,Transition,13.216,23.6,0.1491,0.0828,-0.798,0.085,0
0.25,0.2857,999,Transition,10.027,26.01,0.1515,0.0973,0.2242,Transition,12.79,24.298,0.1476,0.0876,2.763,-1.712,0
0.25,0.2857,2024,Transition,11.277,24.319,0.1465,0.09,0.2219,Transition,10.774,24.772,0.149,0.0914,-0.503,0.453,0
0.25,0.3571,42,Transition,-3.224,26.703,0.1946,0.0931,0.2219,Transition,0.979,26.209,0.1881,0.089,4.203,-0.495,0
0.25,0.3571,123,Transition,-0.595,26.633,0.1858,0.0951,0.2193,Transition,2.394,25.699,0.1789,0.0902,2.989,-0.935,0
0.25,0.3571,777,Transition,2.791,25.269,0.1791,0.0875,0.2281,Transition,2.758,25.784,0.1804,0.0892,-0.033,0.515,0
0.25,0.3571,999,Transition,-0.107,26.684,0.1891,0.0925,0.2301,Transition,1.382,26.719,0.1856,0.0931,1.489,0.035,0
0.25,0.3571,2024,Transition,-0.768,25.33,0.1898,0.086,0.2271,Transition,2.109,25.408,0.185,0.0858,2.877,0.078,0
0.25,0.4286,42,Transition,-9.944,27.38,0.223,0.091,0.2254,Transition,-9.206,26.909,0.2236,0.087,0.739,-0.471,0
0.25,0.4286,123,Transition,-11.888,26.743,0.2253,0.0888,0.2185,Transition,-11.742,26.167,0.2279,0.0853,0.147,-0.576,0
0.25,0.4286,777,Transition,-11.543,26.809,0.2313,0.086,0.2292,Transition,-11.312,26.919,0.2305,0.0863,0.231,0.11,0
0.25,0.4286,999,Escalation,-16.569,28.821,0.2373,0.1003,0.2088,Transition,-11.334,27.616,0.2249,0.0937,5.235,-1.204,1
0.25,0.4286,2024,Transition,-13.859,26.112,0.2304,0.0861,0.214,Transition,-11.479,27.684,0.229,0.0911,2.38,1.572,0
0.25,0.5,42,Escalation,-19.866,28.226,0.2561,0.0933,0.2121,Escalation,-21.56,28.343,0.2608,0.0923,-1.694,0.117,0
0.25,0.5,123,Escalation,-21.173,28.507,0.2633,0.0909,0.2217,Escalation,-18.564,27.808,0.26,0.0863,2.61,-0.699,0
0.25,0.5,777,Escalation,-16.623,27.613,0.2532,0.0867,0.2282,Escalation,-16.138,27.907,0.2561,0.0852,0.486,0.294,0
0.25,0.5,999,Escalation,-20.552,29.767,0.2611,0.0998,0.216,Escalation,-19.06,27.712,0.2618,0.0857,1.492,-2.054,0
0.25,0.5,2024,Escalation,-19.429,24.635,0.2492,0.0776,0.2048,Escalation,-17.757,26.458,0.2546,0.0814,1.673,1.824,0
0.3,0.0,42,Deterrence,76.208,32.326,0.0,0.1659,0.2967,Deterrence,76.478,31.47,0.0,0.1613,0.27,-0.856,0
0.3,0.0,123,Deterrence,76.17,28.663,0.0,0.1468,0.2964,Deterrence,76.478,28.081,0.0,0.1436,0.308,-0.582,0
0.3,0.0,777,Deterrence,76.184,28.164,0.0,0.1443,0.2965,Deterrence,76.478,28.979,0.0,0.1485,0.294,0.815,0
0.3,0.0,999,Deterrence,76.193,27.021,0.0,0.1383,0.2966,Deterrence,76.478,34.884,0.0,0.1792,0.285,7.863,0
0.3,0.0,2024,Deterrence,76.21,31.615,0.0,0.1623,0.2967,Deterrence,76.478,34.678,0.0,0.1782,0.268,3.063,0
0.3,0.0714,42,Deterrence,59.856,20.694,0.037,0.0925,0.2917,Deterrence,59.611,20.442,0.0369,0.0913,-0.246,-0.252,0
0.3,0.0714,123,Deterrence,58.775,21.882,0.0395,0.0979,0.2912,Deterrence,59.165,21.896,0.0389,0.098,0.389,0.014,0
0.3,0.0714,777,Deterrence,59.906,20.042,0.0373,0.089,0.2932,Deterrence,59.505,19.892,0.0383,0.0878,-0.4,-0.15,0
0.3,0.0714,999,Deterrence,60.297,19.269,0.037,0.0851,0.2954,Deterrence,59.165,18.511,0.039,0.0805,-1.132,-0.758,0
0.3,0.0714,2024,Deterrence,60.79,21.043,0.0355,0.0947,0.2944,Deterrence,59.942,20.853,0.0375,0.093,-0.848,-0.19,0
0.3,0.1429,42,Deterrence,43.862,22.403,0.0767,0.0892,0.2855,Deterrence,44.165,22.104,0.0756,0.088,0.303,-0.299,0
0.3,0.1429,123,Deterrence,45.31,21.916,0.0723,0.0882,0.2829,Deterrence,43.901,22.098,0.0753,0.0883,-1.41,0.181,0
0.3,0.1429,777,Deterrence,43.589,23.83,0.0783,0.0959,0.2883,Deterrence,44.465,23.41,0.0773,0.0935,0.876,-0.419,0
0.3,0.1429,999,Deterrence,44.06,24.05,0.0762,0.0979,0.2852,Deterrence,45.122,23.998,0.0734,0.0984,1.062,-0.052,0
0.3,0.1429,2024,Deterrence,44.561,23.563,0.0758,0.0951,0.2888,Deterrence,44.625,22.926,0.0759,0.0916,0.064,-0.637,0
0.3,0.2143,42,Deterrence,29.667,24.786,0.1155,0.0913,0.2796,Deterrence,27.868,25.419,0.1201,0.0933,-1.799,0.633,0
0.3,0.2143,123,Deterrence,29.72,24.012,0.1169,0.0863,0.2844,Deterrence,29.946,23.104,0.1167,0.0813,0.226,-0.909,0
0.3,0.2143,777,Deterrence,30.665,24.185,0.1136,0.0882,0.2822,Deterrence,30.842,24.619,0.1126,0.0906,0.178,0.434,0
0.3,0.2143,999,Deterrence,31.54,23.773,0.112,0.0861,0.2858,Deterrence,30.937,24.705,0.1137,0.0904,-0.603,0.932,0
0.3,0.2143,2024,Deterrence,29.067,23.308,0.1151,0.0845,0.2734,Deterrence,28.382,23.817,0.1183,0.0858,-0.685,0.509,0
0.3,0.2857,42,Deterrence,18.806,26.577,0.1493,0.092,0.2786,Deterrence,19.61,26.186,0.147,0.0904,0.804,-0.392,0
0.3,0.2857,123,Deterrence,19.619,25.206,0.1482,0.0845,0.2828,Deterrence,19.016,25.314,0.1503,0.0843,-0.603,0.108,0
0.3,0.2857,777,Deterrence,19.197,26.045,0.1487,0.0896,0.2783,Deterrence,18.733,25.333,0.1499,0.0852,-0.464,-0.712,0
0.3,0.2857,999,Deterrence,19.664,25.518,0.1458,0.088,0.2755,Deterrence,17.196,25.354,0.1497,0.0876,-2.468,-0.163,0
0.3,0.2857,2024,Deterrence,16.724,25.466,0.1523,0.0871,0.2688,Deterrence,19.159,25.625,0.1465,0.0886,2.434,0.158,0
0.3,0.3571,42,Transition,6.681,26.632,0.1873,0.0847,0.2719,Transition,7.298,27.434,0.187,0.088,0.617,0.802,0
0.3,0.3571,123,Transition,5.338,27.944,0.1938,0.089,0.2768,Transition,3.617,27.488,0.1986,0.0864,-1.721,-0.456,0
0.3,0.3571,777,Transition,6.641,28.061,0.1885,0.0919,0.2724,Transition,6.526,27.606,0.1861,0.091,-0.115,-0.455,0
0.3,0.3571,999,Transition,6.995,25.484,0.1857,0.0794,0.2704,Transition,6.947,26.238,0.1888,0.0812,-0.048,0.753,0
0.3,0.3571,2024,Transition,5.157,27.771,0.1954,0.0869,0.2802,Transition,7.702,27.374,0.1883,0.0857,2.545,-0.397,0
0.3,0.4286,42,Transition,-5.744,28.006,0.2297,0.0845,0.2644,Transition,-1.148,28.098,0.2175,0.0856,4.596,0.092,0
0.3,0.4286,123,Transition,-6.723,26.984,0.2315,0.0802,0.2597,Transition,-3.05,27.616,0.221,0.0845,3.673,0.631,0
0.3,0.4286,777,Transition,-4.126,29.243,0.229,0.0878,0.2779,Transition,-4.0,29.207,0.2287,0.0875,0.126,-0.036,0
0.3,0.4286,999,Transition,-5.359,29.564,0.2302,0.0911,0.2698,Transition,-2.209,29.317,0.2226,0.0897,3.149,-0.247,0
0.3,0.4286,2024,Transition,-3.732,28.695,0.2256,0.0873,0.2715,Transition,-5.287,28.881,0.2306,0.0872,-1.555,0.187,0
0.3,0.5,42,Escalation,-20.377,29.33,0.2809,0.0849,0.2525,Escalation,-15.002,29.695,0.2682,0.0852,5.375,0.365,0
0.3,0.5,123,Escalation,-17.998,32.154,0.2787,0.0948,0.2701,Escalation,-17.288,31.015,0.2772,0.0891,0.71,-1.139,0
0.3,0.5,777,Transition,-12.587,29.539,0.2604,0.0855,0.2687,Transition,-11.558,28.962,0.257,0.0833,1.028,-0.578,0
0.3,0.5,999,Escalation,-15.815,30.003,0.2666,0.0883,0.2608,Escalation,-15.227,30.487,0.2692,0.0887,0.588,0.484,0
0.3,0.5,2024,Escalation,-18.236,31.741,0.2758,0.0966,0.2591,Escalation,-18.43,31.823,0.2797,0.0944,-0.194,0.082,0
0.35,0.0,42,Deterrence,81.027,32.897,0.0,0.1689,0.3462,Deterrence,81.182,27.25,0.0,0.1393,0.155,-5.647,0
0.35,0.0,123,Deterrence,80.999,30.364,0.0,0.1558,0.3459,Deterrence,81.182,34.918,0.0,0.1794,0.183,4.554,0
0.35,0.0,777,Deterrence,80.983,26.011,0.0,0.1331,0.3457,Deterrence,81.182,28.343,0.0,0.1449,0.199,2.332,0
0.35,0.0,999,Deterrence,81.021,31.439,0.0,0.1614,0.3461,Deterrence,81.182,31.482,0.0,0.1614,0.161,0.043,0
0.35,0.0,2024,Deterrence,81.03,32.522,0.0,0.167,0.3462,Deterrence,81.182,34.174,0.0,0.1755,0.152,1.652,0
0.35,0.0714,42,Deterrence,63.956,22.497,0.0392,0.0988,0.3412,Deterrence,65.792,19.924,0.036,0.0863,1.837,-2.573,0
0.35,0.0714,123,Deterrence,65.185,20.236,0.0369,0.0878,0.3448,Deterrence,65.733,19.954,0.0362,0.0864,0.548,-0.282,0
0.35,0.0714,777,Deterrence,63.762,21.384,0.0397,0.0928,0.3413,Deterrence,64.0,22.544,0.0393,0.0989,0.238,1.16,0
0.35,0.0714,999,Deterrence,64.945,19.958,0.0373,0.0862,0.344,Deterrence,65.769,19.957,0.0361,0.0865,0.824,-0.0,0
0.35,0.0714,2024,Deterrence,64.917,20.113,0.0371,0.0872,0.3423,Deterrence,64.079,20.386,0.0387,0.0881,-0.838,0.273,0
0.35,0.1429,42,Deterrence,49.6,23.256,0.0755,0.0896,0.3357,Deterrence,48.513,23.151,0.0779,0.0882,-1.088,-0.105,0
0.35,0.1429,123,Deterrence,48.352,23.941,0.0771,0.0933,0.3275,Deterrence,47.488,24.186,0.079,0.0939,-0.864,0.245,0
0.35,0.1429,777,Deterrence,48.692,24.401,0.0782,0.0944,0.337,Deterrence,49.202,24.209,0.0769,0.0937,0.51,-0.192,0
0.35,0.1429,999,Deterrence,49.798,22.471,0.0752,0.0854,0.3373,Deterrence,50.005,22.266,0.0748,0.0844,0.207,-0.205,0
0.35,0.1429,2024,Deterrence,49.218,22.904,0.0763,0.0876,0.3345,Deterrence,49.265,22.45,0.0762,0.0851,0.046,-0.455,0
0.35,0.2143,42,Deterrence,35.908,25.01,0.1129,0.0869,0.3289,Deterrence,35.315,25.643,0.114,0.0898,-0.593,0.634,0
0.35,0.2143,123,Deterrence,33.453,25.848,0.1196,0.0895,0.3262,Deterrence,33.609,26.473,0.1194,0.0923,0.156,0.626,0
0.35,0.2143,777,Deterrence,35.199,24.916,0.1147,0.086,0.3278,Deterrence,35.993,25.113,0.1127,0.0874,0.793,0.197,0
0.35,0.2143,999,Deterrence,34.007,26.48,0.1206,0.0907,0.3385,Deterrence,35.144,26.136,0.1171,0.09,1.137,-0.344,0
0.35,0.2143,2024,Deterrence,35.223,25.722,0.1163,0.0886,0.3355,Deterrence,35.182,25.768,0.1159,0.0891,-0.041,0.046,0
0.35,0.2857,42,Deterrence,23.502,27.595,0.1502,0.0898,0.323,Deterrence,23.781,27.445,0.151,0.0879,0.279,-0.15,0
0.35,0.2857,123,Deterrence,23.872,27.003,0.1493,0.087,0.3242,Deterrence,22.397,27.431,0.1541,0.0874,-1.475,0.428,0
0.35,0.2857,777,Deterrence,20.905,28.41,0.1569,0.0935,0.3166,Deterrence,22.93,26.809,0.1512,0.0857,2.025,-1.601,0
0.35,0.2857,999,Deterrence,23.936,27.645,0.151,0.0887,0.3304,Deterrence,24.325,26.537,0.15,0.0831,0.388,-1.108,0
0.35,0.2857,2024,Deterrence,23.879,27.552,0.1505,0.0893,0.3257,Deterrence,23.976,26.063,0.1494,0.083,0.097,-1.489,0
0.35,0.3571,42,Transition,12.319,27.84,0.1869,0.0822,0.3179,Transition,12.272,28.708,0.1874,0.0857,-0.047,0.868,0
0.35,0.3571,123,Transition,12.059,30.147,0.1897,0.0913,0.3273,Transition,11.301,30.121,0.1919,0.0907,-0.758,-0.027,0
0.35,0.3571,777,Transition,10.246,28.644,0.1918,0.0863,0.3109,Transition,11.226,28.737,0.1917,0.0843,0.98,0.092,0
0.35,0.3571,999,Transition,11.077,28.969,0.1922,0.0865,0.32,Transition,10.246,28.769,0.1941,0.0847,-0.831,-0.2,0
0.35,0.3571,2024,Transition,12.157,28.653,0.19,0.0837,0.3272,Transition,11.513,29.125,0.1917,0.0851,-0.644,0.472,0
0.35,0.4286,42,Transition,1.149,30.983,0.2278,0.0884,0.3172,Transition,0.541,30.746,0.2292,0.0875,-0.607,-0.237,0
0.35,0.4286,123,Transition,-2.078,31.602,0.2399,0.0873,0.323,Transition,0.402,31.257,0.2336,0.0845,2.48,-0.345,0
0.35,0.4286,777,Transition,2.362,30.489,0.2254,0.0847,0.3249,Transition,1.442,31.071,0.2289,0.0861,-0.92,0.582,0
0.35,0.4286,999,Transition,2.688,30.481,0.2241,0.0862,0.319,Transition,1.989,31.115,0.229,0.0847,-0.699,0.633,0
0.35,0.4286,2024,Transition,-2.517,31.069,0.2371,0.0891,0.3066,Transition,-0.27,30.173,0.2295,0.0864,2.246,-0.896,0
0.35,0.5,42,Transition,-8.605,31.906,0.2652,0.0853,0.3139,Transition,-8.375,33.256,0.2647,0.0917,0.231,1.35,0
0.35,0.5,123,Transition,-10.336,33.461,0.2725,0.0899,0.3206,Transition,-10.216,33.648,0.2733,0.0892,0.12,0.187,0
0.35,0.5,777,Transition,-11.946,31.797,0.2731,0.0859,0.303,Transition,-9.894,31.809,0.2659,0.0867,2.052,0.012,0
0.35,0.5,999,Transition,-8.857,32.413,0.2665,0.0869,0.317,Transition,-9.264,32.157,0.2682,0.0846,-0.407,-0.255,0
0.35,0.5,2024,Transition,-11.546,33.146,0.2789,0.086,0.3238,Transition,-10.312,33.201,0.2758,0.0853,1.234,0.055,0
0.4,0.0,42,Deterrence,84.301,32.36,0.0,0.1661,0.3954,Deterrence,84.339,33.398,0.0,0.1715,0.038,1.038,0
0.4,0.0,123,Deterrence,84.284,25.671,0.0,0.1312,0.3951,Deterrence,84.339,34.315,0.0,0.1762,0.055,8.644,0
0.4,0.0,777,Deterrence,84.293,31.295,0.0,0.1607,0.3953,Deterrence,84.339,31.644,0.0,0.1624,0.046,0.349,0
0.4,0.0,999,Deterrence,84.308,30.271,0.0,0.1553,0.3954,Deterrence,84.339,26.69,0.0,0.1364,0.03,-3.581,0
0.4,0.0,2024,Deterrence,84.295,32.611,0.0,0.1675,0.3953,Deterrence,84.339,27.36,0.0,0.14,0.043,-5.251,0
0.4,0.0714,42,Deterrence,67.715,21.478,0.0386,0.0913,0.3924,Deterrence,67.412,21.896,0.0391,0.0932,-0.303,0.418,0
0.4,0.0714,123,Deterrence,67.532,22.87,0.0389,0.0985,0.3908,Deterrence,67.42,21.809,0.0391,0.0927,-0.112,-1.06,0
0.4,0.0714,777,Deterrence,68.903,20.59,0.0361,0.0877,0.3954,Deterrence,68.927,20.342,0.0361,0.0862,0.024,-0.248,0
0.4,0.0714,999,Deterrence,67.019,21.549,0.0401,0.091,0.3911,Deterrence,67.613,20.198,0.0387,0.0846,0.593,-1.351,0
0.4,0.0714,2024,Deterrence,67.202,21.17,0.0397,0.0892,0.3911,Deterrence,68.883,20.426,0.0362,0.0866,1.68,-0.744,0
0.4,0.1429,42,Deterrence,53.112,24.754,0.0761,0.0924,0.3883,Deterrence,53.233,24.396,0.0759,0.0903,0.121,-0.358,0
0.4,0.1429,123,Deterrence,52.87,24.645,0.0767,0.0917,0.3877,Deterrence,51.641,24.505,0.0797,0.0895,-1.229,-0.14,0
0.4,0.1429,777,Deterrence,55.14,23.74,0.0704,0.0901,0.3838,Deterrence,53.149,23.997,0.0747,0.0897,-1.99,0.258,0
0.4,0.1429,999,Deterrence,52.917,23.227,0.0758,0.0854,0.3809,Deterrence,52.103,23.381,0.0775,0.0852,-0.813,0.154,0
0.4,0.1429,2024,Deterrence,51.314,25.179,0.0805,0.093,0.3857,Deterrence,51.88,24.863,0.0785,0.0922,0.565,-0.316,0
0.4,0.2143,42,Deterrence,39.237,25.476,0.114,0.0833,0.3747,Deterrence,38.37,25.674,0.1163,0.0835,-0.868,0.198,0
0.4,0.2143,123,Deterrence,39.803,26.534,0.1124,0.0894,0.3735,Deterrence,39.874,26.258,0.1113,0.0884,0.07,-0.275,0
0.4,0.2143,777,Deterrence,39.906,27.329,0.1124,0.0928,0.3782,Deterrence,39.672,27.519,0.1128,0.0935,-0.234,0.19,0
0.4,0.2143,999,Deterrence,39.165,27.145,0.1141,0.0917,0.3743,Deterrence,38.883,28.561,0.1142,0.0996,-0.281,1.416,0
0.4,0.2143,2024,Deterrence,40.306,27.138,0.1115,0.0927,0.3747,Deterrence,40.29,26.553,0.1112,0.0905,-0.016,-0.585,0
0.4,0.2857,42,Deterrence,27.299,28.934,0.1517,0.0875,0.3782,Deterrence,26.342,29.563,0.1545,0.0896,-0.957,0.629,0
0.4,0.2857,123,Deterrence,19.022,33.192,0.1725,0.1069,0.3498,Deterrence,25.326,30.487,0.1557,0.0961,6.305,-2.705,0
0.4,0.2857,777,Deterrence,26.589,28.961,0.1543,0.0863,0.3809,Deterrence,24.848,29.037,0.1596,0.0845,-1.74,0.076,0
0.4,0.2857,999,Deterrence,27.582,28.54,0.1515,0.0863,0.3752,Deterrence,26.822,28.757,0.1528,0.0877,-0.76,0.216,0
0.4,0.2857,2024,Deterrence,26.929,28.081,0.1505,0.0859,0.3629,Deterrence,26.36,28.369,0.152,0.0868,-0.569,0.287,0
0.4,0.3571,42,Transition,13.597,31.445,0.197,0.0864,0.3758,Transition,11.409,32.602,0.2035,0.0907,-2.188,1.157,0
0.4,0.3571,123,Transition,14.663,30.926,0.1923,0.087,0.3671,Transition,14.402,31.657,0.1921,0.0912,-0.261,0.731,0
0.4,0.3571,777,Deterrence,15.603,30.505,0.1901,0.0854,0.3686,Transition,14.481,30.958,0.1928,0.0879,-1.122,0.454,1
0.4,0.3571,999,Transition,9.343,32.04,0.2089,0.088,0.3643,Transition,13.933,31.044,0.196,0.0853,4.59,-0.996,0
0.4,0.3571,2024,Transition,12.174,31.315,0.2,0.0876,0.3629,Transition,12.828,31.143,0.1967,0.0877,0.654,-0.173,0
0.4,0.4286,42,Transition,5.168,33.269,0.2288,0.0871,0.3738,Transition,5.006,33.229,0.2292,0.0864,-0.163,-0.04,0
0.4,0.4286,123,Transition,2.614,31.472,0.234,0.0804,0.3558,Transition,2.089,33.434,0.238,0.085,-0.525,1.962,0
0.4,0.4286,777,Transition,1.268,33.376,0.2371,0.0886,0.3549,Transition,4.061,32.756,0.2315,0.0839,2.793,-0.62,0
0.4,0.4286,999,Transition,1.656,33.708,0.2404,0.0875,0.3681,Transition,1.443,33.836,0.2405,0.0888,-0.212,0.127,0
0.4,0.4286,2024,Transition,5.222,33.151,0.229,0.0884,0.3667,Transition,2.96,32.949,0.236,0.0867,-2.263,-0.202,0
0.4,0.5,42,Transition,-7.124,34.554,0.2744,0.0859,0.3578,Transition,-7.879,34.64,0.2766,0.086,-0.755,0.086,0
0.4,0.5,123,Escalation,-33.321,44.996,0.3714,0.1129,0.3581,Transition,-8.049,34.127,0.2777,0.0812,25.272,-10.869,1
0.4,0.5,777,Transition,-9.401,35.446,0.28,0.0907,0.3498,Transition,-7.073,34.602,0.2741,0.0844,2.328,-0.844,0
0.4,0.5,999,Transition,-10.039,35.192,0.2835,0.0892,0.3486,Transition,-5.299,34.104,0.2674,0.0858,4.74,-1.087,0
0.4,0.5,2024,Transition,-6.549,34.855,0.2729,0.0874,0.3594,Transition,-7.214,34.895,0.2749,0.0874,-0.665,0.039,0
0.45,0.0,42,Deterrence,86.244,27.245,0.0,0.1395,0.4443,Deterrence,86.135,27.403,0.0,0.1402,-0.11,0.158,0
0.45,0.0,123,Deterrence,86.244,30.16,0.0,0.1546,0.4442,Deterrence,86.135,31.863,0.0,0.1636,-0.109,1.704,0
0.45,0.0,777,Deterrence,86.262,33.065,0.0,0.1698,0.4448,Deterrence,86.135,34.24,0.0,0.1759,-0.127,1.175,0
0.45,0.0,999,Deterrence,86.249,31.112,0.0,0.1596,0.4442,Deterrence,86.135,27.745,0.0,0.1419,-0.114,-3.367,0
0.45,0.0,2024,Deterrence,86.246,31.827,0.0,0.1634,0.4444,Deterrence,86.135,33.04,0.0,0.1697,-0.111,1.213,0
0.45,0.0714,42,Deterrence,69.712,23.943,0.0387,0.1014,0.4446,Deterrence,70.655,20.811,0.0362,0.0864,0.942,-3.131,0
0.45,0.0714,123,Deterrence,70.899,20.65,0.036,0.0859,0.4445,Deterrence,70.715,20.896,0.0361,0.0869,-0.184,0.246,0
0.45,0.0714,777,Deterrence,68.365,23.817,0.0417,0.0998,0.4338,Deterrence,70.705,20.824,0.0361,0.0865,2.34,-2.994,0
0.45,0.0714,999,Deterrence,67.265,29.67,0.0445,0.128,0.4445,Deterrence,70.685,20.787,0.0362,0.0863,3.421,-8.883,0
0.45,0.0714,2024,Deterrence,70.897,21.06,0.036,0.088,0.4447,Deterrence,70.638,20.82,0.0363,0.0864,-0.259,-0.24,0
0.45,0.1429,42,Deterrence,54.588,24.193,0.0779,0.0843,0.4374,Deterrence,53.821,24.769,0.0795,0.0863,-0.767,0.576,0
0.45,0.1429,123,Deterrence,54.565,25.07,0.0778,0.0893,0.4341,Deterrence,54.292,25.004,0.078,0.0889,-0.274,-0.066,0
0.45,0.1429,777,Deterrence,54.28,25.619,0.0783,0.0921,0.4306,Deterrence,53.67,26.669,0.0794,0.097,-0.61,1.05,0
0.45,0.1429,999,Deterrence,55.352,24.497,0.0757,0.0869,0.4364,Deterrence,56.163,24.339,0.0737,0.0859,0.811,-0.159,0
0.45,0.1429,2024,Deterrence,55.396,24.287,0.0754,0.0868,0.4285,Deterrence,54.738,23.92,0.0765,0.0843,-0.658,-0.367,0
0.45,0.2143,42,Deterrence,41.391,27.989,0.1154,0.0876,0.4357,Deterrence,41.418,27.836,0.1149,0.0864,0.026,-0.153,0
0.45,0.2143,123,Deterrence,38.511,30.377,0.1229,0.1,0.4124,Deterrence,40.905,29.709,0.1159,0.0997,2.394,-0.668,0
0.45,0.2143,777,Deterrence,39.018,27.497,0.1214,0.0854,0.4169,Deterrence,40.622,27.937,0.1163,0.0895,1.604,0.44,0
0.45,0.2143,999,Deterrence,39.554,27.812,0.1192,0.0888,0.4092,Deterrence,40.171,27.554,0.1172,0.0874,0.617,-0.259,0
0.45,0.2143,2024,Deterrence,40.278,28.398,0.1185,0.0897,0.4277,Deterrence,40.736,28.067,0.1168,0.0877,0.457,-0.331,0
0.45,0.2857,42,Deterrence,28.236,31.602,0.1562,0.0918,0.4264,Deterrence,28.689,30.783,0.1546,0.0874,0.454,-0.819,0
0.45,0.2857,123,Deterrence,27.448,30.967,0.1582,0.0888,0.42,Deterrence,26.032,31.226,0.1619,0.0886,-1.416,0.259,0
0.45,0.2857,777,Deterrence,28.512,31.208,0.1551,0.0902,0.4253,Deterrence,29.58,30.29,0.1514,0.0869,1.068,-0.917,0
0.45,0.2857,999,Deterrence,28.345,30.787,0.1554,0.0885,0.4228,Deterrence,29.143,30.164,0.1526,0.086,0.798,-0.623,0
0.45,0.2857,2024,Deterrence,27.736,30.921,0.1565,0.0912,0.4078,Deterrence,29.25,30.56,0.1519,0.0903,1.514,-0.361,0
0.45,0.3571,42,Transition,14.268,33.491,0.2021,0.0901,0.4034,Transition,13.689,33.862,0.2038,0.0911,-0.579,0.371,0
0.45,0.3571,123,Deterrence,16.08,32.155,0.196,0.0833,0.4108,Deterrence,16.437,31.775,0.1949,0.0815,0.357,-0.38,0
0.45,0.3571,777,Deterrence,17.344,32.907,0.1925,0.0868,0.419,Deterrence,17.242,32.486,0.1921,0.0848,-0.103,-0.421,0
0.45,0.3571,999,Deterrence,16.961,32.864,0.1939,0.0865,0.4176,Deterrence,15.693,32.733,0.1969,0.0851,-1.269,-0.132,0
0.45,0.3571,2024,Deterrence,15.745,32.056,0.1976,0.0827,0.4099,Deterrence,15.069,32.376,0.1997,0.0829,-0.676,0.32,0
0.45,0.4286,42,Transition,3.972,36.214,0.2412,0.0891,0.415,Transition,4.5,35.684,0.2392,0.087,0.528,-0.531,0
0.45,0.4286,123,Transition,5.616,35.387,0.2347,0.0867,0.4152,Transition,5.309,35.67,0.2339,0.0892,-0.307,0.284,0
0.45,0.4286,777,Transition,3.315,35.704,0.244,0.0848,0.4184,Transition,3.234,36.03,0.2431,0.0843,-0.081,0.325,0
0.45,0.4286,999,Transition,5.369,35.237,0.2359,0.0868,0.4102,Transition,4.494,34.637,0.2385,0.0835,-0.874,-0.601,0
0.45,0.4286,2024,Transition,4.105,34.86,0.2413,0.0856,0.4002,Transition,-4.757,38.807,0.2718,0.0914,-8.862,3.947,0
0.45,0.5,42,Transition,-9.138,37.797,0.2919,0.0865,0.4003,Transition,-7.715,37.784,0.2861,0.0882,1.423,-0.013,0
0.45,0.5,123,Transition,-4.736,37.696,0.2748,0.0874,0.4118,Transition,-6.182,38.183,0.2793,0.0877,-1.445,0.487,0
0.45,0.5,777,Transition,-5.395,35.552,0.2774,0.0805,0.3943,Transition,-4.817,37.295,0.2761,0.0851,0.577,1.742,0
0.45,0.5,999,Escalation,-39.234,55.784,0.4002,0.1283,0.44,Transition,-6.655,37.218,0.2841,0.0849,32.579,-18.566,1
0.45,0.5,2024,Transition,-6.529,38.136,0.2805,0.0917,0.3989,Transition,-6.653,37.03,0.2802,0.0852,-0.124,-1.106,0
